game_id,team,opponent,home_game,points_scored,points_allowed,attendance,season,day_of_week,weather,won
1,Team D,Team A,True,77,72,15446.0,Regular,Saturday,Indoor,True
2,Team F,Team F,True,84,59,13078.0,Regular,Tuesday,Indoor,True
3,Team F,Team C,True,77,74,16317.0,Regular,Wednesday,Cloudy,True
4,Team E,Team C,False,87,73,,Regular,Saturday,Clear,True
5,Team C,Team A,True,95,82,18230.0,Regular,Monday,Cloudy,True
6,Team C,Team E,True,92,81,14530.0,Regular,Thursday,Clear,True
7,Team A,Team C,True,89,82,8601.0,Regular,Thursday,Cloudy,True
8,Team B,Team F,False,89,84,15380.0,Regular,Sunday,Cloudy,True
9,Team F,Team D,False,72,97,16308.0,Playoffs,Monday,Indoor,False
10,Team D,Team B,False,91,114,20295.0,Regular,Saturday,Clear,False
11,Team C,Team A,True,78,89,12006.0,Regular,Thursday,Clear,False
12,Team B,Team A,False,83,95,15414.0,Regular,Wednesday,Indoor,False
13,Team C,Team D,False,85,83,12209.0,Regular,Sunday,Indoor,True
14,Team D,Team F,False,83,81,12721.0,Regular,Thursday,Clear,True
15,Team E,Team C,True,92,82,7668.0,Regular,Sunday,Clear,True
16,Team E,Team F,False,81,85,13486.0,Regular,Tuesday,Clear,False
17,Team D,Team C,False,79,82,14486.0,Playoffs,Monday,Cloudy,False
18,Team F,Team C,False,84,92,,Regular,Friday,Cloudy,False
19,Team B,Team A,True,95,87,20502.0,Regular,Tuesday,Cloudy,True
20,Team F,Team B,True,78,89,12802.0,Regular,Thursday,Indoor,False
21,Team A,Team A,True,108,68,15421.0,Regular,Monday,Clear,True
22,Team D,Team F,True,88,74,12886.0,Regular,Friday,,True
23,Team D,Team F,True,76,85,18444.0,Regular,Tuesday,,False
24,Team B,Team A,True,85,64,15395.0,Regular,Thursday,Indoor,True
25,Team D,Team D,True,86,62,16465.0,Regular,Thursday,Rainy,True
26,Team A,Team F,True,76,86,17524.0,Regular,Saturday,Clear,False
27,Team B,Team D,True,74,101,20263.0,Regular,Saturday,,False
28,Team D,Team D,True,100,76,,Regular,Monday,Clear,True
29,Team C,Team B,False,88,69,13210.0,Regular,Thursday,Clear,True
30,Team A,Team E,True,78,80,16118.0,Regular,Monday,Clear,False
31,Team C,Team D,False,53,78,11762.0,Regular,Sunday,Clear,False
32,Team A,Team C,False,87,57,17257.0,Regular,Friday,Cloudy,True
33,Team D,Team A,True,72,72,13074.0,Regular,Wednesday,Clear,False
34,Team B,Team E,True,73,70,15090.0,Regular,Monday,Indoor,True
35,Team D,Team D,True,88,98,,Regular,Sunday,Clear,False
36,Team F,Team E,True,71,81,10166.0,Regular,Sunday,Cloudy,False
37,Team B,Team D,True,73,62,18175.0,Regular,Tuesday,Clear,True
38,Team F,Team A,True,87,74,9571.0,Regular,Sunday,Cloudy,True
39,Team A,Team A,True,96,75,16689.0,Regular,Wednesday,Indoor,True
40,Team E,Team C,False,76,73,15854.0,Regular,Wednesday,Cloudy,True
41,Team C,Team B,False,104,77,12233.0,Regular,Sunday,Rainy,True
42,Team E,Team F,True,66,98,17854.0,Regular,Sunday,Clear,False
43,Team A,Team C,True,74,81,10671.0,Regular,Tuesday,Indoor,False
44,Team B,Team B,False,61,80,18046.0,Playoffs,Wednesday,Cloudy,False
45,Team C,Team F,True,75,89,14403.0,Regular,Wednesday,Cloudy,False
46,Team A,Team D,True,68,80,12224.0,Regular,Sunday,Clear,False
47,Team C,Team F,True,68,74,17503.0,Regular,Tuesday,Indoor,False
48,Team E,Team B,True,79,78,14313.0,Regular,Tuesday,Indoor,True
49,Team A,Team A,False,78,75,,Regular,Monday,Clear,True
50,Team E,Team F,False,75,96,16367.0,Regular,Monday,Clear,False
51,Team B,Team B,True,91,86,15399.0,Regular,Monday,Clear,True
52,Team D,Team B,True,77,109,17882.0,Regular,Wednesday,Cloudy,False
53,Team A,Team C,False,98,79,11138.0,Regular,Sunday,Clear,True
54,Team E,Team D,False,89,85,15007.0,Regular,Sunday,Indoor,True
55,Team E,Team B,True,78,92,19586.0,Regular,Monday,Clear,False
56,Team F,Team D,False,69,73,19787.0,Regular,Sunday,Indoor,False
57,Team D,Team D,False,82,82,17305.0,Regular,Wednesday,Clear,False
58,Team B,Team B,False,102,88,14336.0,Regular,Wednesday,Clear,True
59,Team F,Team D,False,104,105,20606.0,Regular,Wednesday,Indoor,False
60,Team A,Team E,True,67,83,9554.0,Regular,Tuesday,Cloudy,False
61,Team B,Team A,True,94,97,13932.0,Regular,Friday,Indoor,False
62,Team F,Team C,False,72,72,15689.0,Regular,Friday,Clear,False
63,Team C,Team A,False,76,75,14340.0,Playoffs,Saturday,Indoor,True
64,Team D,Team C,False,100,76,15783.0,Regular,Thursday,Indoor,True
65,Team B,Team B,True,77,104,15713.0,Regular,Wednesday,Indoor,False
66,Team E,Team D,False,79,94,14847.0,Regular,Wednesday,Clear,False
67,Team F,Team C,True,88,87,15509.0,Regular,Sunday,Clear,True
68,Team D,Team F,False,81,94,17444.0,Regular,Monday,Clear,False
69,Team A,Team B,True,88,64,14677.0,Regular,Saturday,Indoor,True
70,Team A,Team B,False,77,78,16229.0,Regular,Saturday,Clear,False
71,Team B,Team C,False,97,85,11264.0,Regular,Saturday,Clear,True
72,Team F,Team B,True,77,70,18294.0,Regular,Sunday,Cloudy,True
73,Team E,Team C,True,107,58,17466.0,Regular,Sunday,Clear,True
74,Team E,Team D,False,86,67,13516.0,Regular,Wednesday,Clear,True
75,Team B,Team D,True,85,86,17129.0,Regular,Monday,Clear,False
76,Team C,Team A,True,84,90,16945.0,Regular,Monday,Clear,False
77,Team F,Team F,True,97,81,15441.0,Regular,Friday,Indoor,True
78,Team C,Team E,True,75,68,15597.0,Regular,Wednesday,Cloudy,True
79,Team F,Team E,False,79,73,17595.0,Regular,Sunday,Cloudy,True
80,Team B,Team B,True,97,82,15655.0,Regular,Sunday,Indoor,True
81,Team E,Team C,True,78,80,9751.0,Regular,Monday,Indoor,False
82,Team A,Team A,False,87,120,19109.0,Regular,Sunday,Indoor,False
83,Team F,Team B,False,86,87,11735.0,Regular,Wednesday,Indoor,False
84,Team A,Team D,True,79,77,11619.0,Regular,Monday,,True
85,Team F,Team E,False,79,86,15786.0,Regular,Tuesday,Rainy,False
86,Team E,Team D,True,104,106,16645.0,Regular,Saturday,Indoor,False
87,Team D,Team B,True,93,75,14635.0,Regular,Thursday,Cloudy,True
88,Team D,Team B,False,100,87,13823.0,Regular,Sunday,Clear,True
89,Team F,Team B,False,67,90,19087.0,Regular,Friday,Indoor,False
90,Team D,Team A,True,94,80,14824.0,Regular,Saturday,Indoor,True
91,Team B,Team A,True,96,82,18365.0,Regular,Tuesday,Clear,True
92,Team C,Team F,False,89,57,19049.0,Playoffs,Saturday,Indoor,True
93,Team B,Team C,True,68,93,14867.0,Regular,Saturday,Clear,False
94,Team D,Team C,True,111,81,8810.0,Regular,Sunday,Rainy,True
95,Team D,Team E,False,96,83,20457.0,Regular,Friday,Indoor,True
96,Team E,Team B,False,110,72,16355.0,Regular,Saturday,Clear,True
97,Team A,Team D,True,66,102,14862.0,Regular,Saturday,Clear,False
98,Team E,Team B,False,98,62,14730.0,Regular,Saturday,Indoor,True
99,Team B,Team A,False,81,65,14719.0,Regular,Saturday,Indoor,True
100,Team B,Team B,True,80,83,12390.0,Regular,Friday,Clear,False
101,Team B,Team B,False,82,83,17760.0,Regular,Friday,Indoor,False
102,Team D,Team B,True,92,67,19614.0,Regular,Friday,Clear,True
103,Team C,Team B,True,73,92,10252.0,Playoffs,Saturday,Clear,False
104,Team A,Team F,True,72,74,12899.0,Regular,Friday,Rainy,False
105,Team C,Team C,True,74,84,17820.0,Playoffs,Tuesday,Clear,False
106,Team D,Team C,True,81,84,15413.0,Regular,Saturday,Cloudy,False
107,Team C,Team F,False,83,88,18819.0,Regular,Friday,Cloudy,False
108,Team E,Team E,False,83,86,18076.0,Regular,Saturday,Clear,False
109,Team E,Team E,True,89,76,18303.0,Regular,Monday,Indoor,True
110,Team E,Team C,False,100,80,16104.0,Regular,Sunday,Indoor,True
111,Team C,Team A,True,95,81,17383.0,Regular,Saturday,Indoor,True
112,Team E,Team E,False,96,90,16328.0,Playoffs,Tuesday,Clear,True
113,Team C,Team F,True,81,67,18375.0,Regular,Friday,Rainy,True
114,Team B,Team A,True,81,86,,Regular,Saturday,Clear,False
115,Team C,Team F,True,86,83,18057.0,Regular,Thursday,Clear,True
116,Team B,Team B,False,78,97,,Regular,Wednesday,Clear,False
117,Team C,Team B,False,92,75,18565.0,Regular,Tuesday,Clear,True
118,Team B,Team C,True,87,102,15860.0,Playoffs,Sunday,Cloudy,False
119,Team C,Team B,False,83,80,15551.0,Regular,Monday,Rainy,True
120,Team F,Team C,False,93,50,17712.0,Playoffs,Monday,Indoor,True
121,Team B,Team E,True,95,84,14828.0,Playoffs,Thursday,Rainy,True
122,Team E,Team B,False,66,77,18091.0,Regular,Wednesday,Indoor,False
123,Team B,Team D,True,71,80,11484.0,Regular,Wednesday,Cloudy,False
124,Team F,Team E,False,96,86,13508.0,Regular,Friday,Indoor,True
125,Team A,Team A,False,92,94,12950.0,Regular,Wednesday,Indoor,False
126,Team F,Team F,True,100,115,12740.0,Regular,Tuesday,Clear,False
127,Team A,Team F,True,91,68,16457.0,Regular,Wednesday,Cloudy,True
128,Team F,Team D,False,103,96,11421.0,Regular,Friday,Indoor,True
129,Team A,Team D,False,93,86,11314.0,Regular,Saturday,Indoor,True
130,Team B,Team C,True,95,65,13106.0,Regular,Monday,Cloudy,True
131,Team D,Team C,True,92,92,15215.0,Regular,Saturday,Cloudy,False
132,Team F,Team F,True,97,101,17462.0,Regular,Wednesday,Indoor,False
133,Team F,Team A,True,77,73,16180.0,Regular,Sunday,Clear,True
134,Team D,Team A,False,91,76,17373.0,Playoffs,Friday,Cloudy,True
135,Team C,Team E,False,85,105,13076.0,Regular,Sunday,Clear,False
136,Team F,Team C,True,87,82,12493.0,Regular,Friday,Clear,True
137,Team E,Team C,False,75,80,14470.0,Regular,Thursday,Clear,False
138,Team D,Team B,False,92,59,15294.0,Regular,Wednesday,Cloudy,True
139,Team D,Team E,False,88,74,12531.0,Regular,Monday,Indoor,True
140,Team C,Team C,False,80,73,6724.0,Regular,Sunday,Clear,True
141,Team C,Team F,True,87,100,7991.0,Regular,Friday,Indoor,False
142,Team D,Team C,False,103,66,15592.0,Regular,Wednesday,Indoor,True
143,Team B,Team A,False,95,84,17735.0,Regular,Saturday,Cloudy,True
144,Team D,Team E,True,92,80,11776.0,Playoffs,Saturday,Clear,True
145,Team C,Team D,False,71,68,,Regular,Tuesday,Indoor,True
146,Team C,Team A,True,71,111,20072.0,Regular,Sunday,Indoor,False
147,Team F,Team E,False,78,100,17313.0,Regular,Sunday,Clear,False
148,Team F,Team B,False,66,83,14729.0,Regular,Tuesday,Clear,False
149,Team E,Team D,False,82,105,,Playoffs,Sunday,Indoor,False
150,Team F,Team A,False,90,65,15632.0,Regular,Monday,Clear,True
151,Team E,Team C,False,68,90,,Regular,Tuesday,Indoor,False
152,Team E,Team F,False,81,54,10631.0,Regular,Friday,Indoor,True
153,Team C,Team E,False,79,64,14607.0,Regular,Thursday,Rainy,True
154,Team D,Team C,True,55,65,14229.0,Regular,Sunday,Clear,False
155,Team D,Team A,False,68,89,15692.0,Regular,Friday,Clear,False
156,Team B,Team A,False,58,76,16262.0,Regular,Sunday,Rainy,False
157,Team A,Team A,False,93,86,13615.0,Regular,Tuesday,Clear,True
158,Team D,Team E,False,80,79,16999.0,Playoffs,Thursday,Indoor,True
159,Team F,Team E,False,78,74,16916.0,Regular,Wednesday,,True
160,Team B,Team C,False,90,74,17014.0,Regular,Friday,Indoor,True
161,Team D,Team A,False,100,89,12262.0,Regular,Monday,Clear,True
162,Team F,Team E,False,105,93,,Regular,Monday,Clear,True
163,Team D,Team D,True,71,66,11680.0,Playoffs,Thursday,Clear,True
164,Team D,Team E,False,89,97,19367.0,Regular,Tuesday,Clear,False
165,Team A,Team F,True,101,65,16574.0,Regular,Sunday,Clear,True
166,Team A,Team D,False,106,71,18426.0,Regular,Thursday,Clear,True
167,Team F,Team B,False,82,91,14391.0,Regular,Tuesday,Clear,False
168,Team E,Team D,True,79,62,10462.0,Regular,Saturday,Indoor,True
169,Team F,Team B,False,73,77,12493.0,Regular,Monday,Clear,False
170,Team E,Team F,False,82,82,14973.0,Regular,Tuesday,Indoor,False
171,Team D,Team A,True,92,103,16132.0,Regular,Sunday,Cloudy,False
172,Team D,Team C,False,71,82,17410.0,Regular,Tuesday,Clear,False
173,Team E,Team A,False,74,80,9083.0,Regular,Tuesday,Indoor,False
174,Team E,Team E,False,85,73,15200.0,Regular,Thursday,Rainy,True
175,Team E,Team F,True,81,92,18941.0,Regular,Wednesday,Cloudy,False
176,Team F,Team B,False,72,88,22405.0,Regular,Friday,Clear,False
177,Team C,Team B,False,101,83,,Regular,Friday,Clear,True
178,Team D,Team B,True,65,92,20762.0,Regular,Friday,Cloudy,False
179,Team C,Team C,True,74,77,14679.0,Regular,Friday,Clear,False
180,Team A,Team B,False,74,81,16199.0,Regular,Tuesday,Cloudy,False
181,Team E,Team A,True,70,89,,Regular,Friday,Clear,False
182,Team A,Team A,True,107,74,18037.0,Regular,Tuesday,Clear,True
183,Team C,Team F,False,107,76,13217.0,Playoffs,Wednesday,Indoor,True
184,Team A,Team B,True,77,93,14253.0,Playoffs,Wednesday,Indoor,False
185,Team F,Team F,True,89,82,12510.0,Regular,Thursday,Clear,True
186,Team F,Team C,False,85,96,16653.0,Regular,Friday,Clear,False
187,Team C,Team B,False,91,90,17478.0,Playoffs,Wednesday,,True
188,Team A,Team F,False,101,59,14725.0,Regular,Friday,Clear,True
189,Team F,Team E,False,75,74,16080.0,Regular,Wednesday,Clear,True
190,Team B,Team F,False,80,77,18579.0,Regular,Wednesday,Clear,True
191,Team C,Team B,True,117,74,16677.0,Regular,Monday,Clear,True
192,Team A,Team C,False,71,75,9330.0,Regular,Saturday,Cloudy,False
193,Team C,Team D,True,80,92,15243.0,Playoffs,Monday,Clear,False
194,Team B,Team A,False,69,106,14168.0,Regular,Wednesday,Indoor,False
195,Team D,Team E,True,108,102,13855.0,Regular,Tuesday,Clear,True
196,Team B,Team F,True,77,83,13918.0,Regular,Friday,Clear,False
197,Team A,Team F,False,98,82,8089.0,Regular,Monday,Rainy,True
198,Team F,Team A,False,68,96,18702.0,Playoffs,Wednesday,Cloudy,False
199,Team A,Team C,True,82,96,16010.0,Regular,Monday,Cloudy,False
200,Team E,Team C,True,92,93,19914.0,Regular,Monday,Clear,False
201,Team E,Team E,True,57,72,10436.0,Regular,Wednesday,Cloudy,False
202,Team C,Team D,False,70,77,13083.0,Regular,Friday,Cloudy,False
203,Team D,Team D,False,68,88,13097.0,Regular,Wednesday,Clear,False
204,Team F,Team E,True,82,88,,Regular,Saturday,Clear,False
205,Team A,Team D,False,95,89,13651.0,Regular,Sunday,Clear,True
206,Team C,Team D,False,82,84,16473.0,Playoffs,Friday,Clear,False
207,Team C,Team C,True,50,75,23483.0,Regular,Saturday,Cloudy,False
208,Team A,Team A,False,65,77,14904.0,Regular,Saturday,Indoor,False
209,Team F,Team B,True,101,76,17197.0,Regular,Thursday,Clear,True
210,Team C,Team D,False,91,86,13513.0,Playoffs,Tuesday,Clear,True
211,Team F,Team D,True,80,75,18583.0,Playoffs,Thursday,Clear,True
212,Team E,Team D,False,95,80,16972.0,Playoffs,Sunday,Clear,True
213,Team B,Team D,False,91,85,16619.0,Regular,Friday,Clear,True
214,Team D,Team C,False,74,50,14849.0,Regular,Friday,Clear,True
215,Team D,Team B,True,106,120,,Regular,Saturday,Indoor,False
216,Team F,Team C,True,61,84,16956.0,Regular,Sunday,Clear,False
217,Team C,Team C,False,92,68,19240.0,Regular,Monday,Indoor,True
218,Team D,Team C,False,93,75,12109.0,Playoffs,Tuesday,Indoor,True
219,Team B,Team F,False,86,85,15655.0,Playoffs,Monday,Clear,True
220,Team F,Team D,True,71,105,15203.0,Regular,Friday,Cloudy,False
221,Team A,Team D,False,84,74,14052.0,Regular,Wednesday,Rainy,True
222,Team A,Team B,True,83,58,,Regular,Tuesday,Indoor,True
223,Team E,Team C,False,85,81,17195.0,Playoffs,Saturday,Clear,True
224,Team D,Team B,False,73,80,16904.0,Regular,Tuesday,,False
225,Team D,Team B,True,80,74,16179.0,Regular,Sunday,Clear,True
226,Team E,Team B,False,92,92,12451.0,Regular,Thursday,Indoor,False
227,Team E,Team D,True,73,77,16137.0,Regular,Thursday,Indoor,False
228,Team F,Team C,True,65,75,11229.0,Regular,Thursday,Cloudy,False
229,Team A,Team D,True,71,90,15806.0,Regular,Monday,Indoor,False
230,Team E,Team C,False,70,81,13538.0,Regular,Tuesday,Cloudy,False
231,Team A,Team C,True,83,75,18402.0,Regular,Friday,Clear,True
232,Team E,Team C,True,93,65,14783.0,Regular,Monday,Cloudy,True
233,Team D,Team A,True,83,94,12143.0,Regular,Saturday,Clear,False
234,Team F,Team A,False,98,88,17093.0,Regular,Thursday,Clear,True
235,Team F,Team B,True,82,79,14946.0,Regular,Monday,Indoor,True
236,Team D,Team D,True,93,95,14432.0,Regular,Tuesday,Clear,False
237,Team A,Team D,True,79,65,14079.0,Regular,Tuesday,Cloudy,True
238,Team E,Team B,False,84,97,13264.0,Regular,Saturday,Clear,False
239,Team F,Team B,True,85,86,17336.0,Regular,Thursday,Clear,False
240,Team C,Team B,False,86,80,,Playoffs,Monday,Cloudy,True
241,Team D,Team D,False,100,92,16783.0,Playoffs,Saturday,Clear,True
242,Team B,Team F,False,77,98,16425.0,Regular,Tuesday,Clear,False
243,Team D,Team F,True,89,78,18014.0,Regular,Wednesday,Clear,True
244,Team D,Team E,True,70,77,15252.0,Regular,Friday,Indoor,False
245,Team E,Team B,True,74,74,9756.0,Regular,Sunday,Cloudy,False
246,Team E,Team C,True,75,77,17259.0,Playoffs,Saturday,Cloudy,False
247,Team F,Team B,False,70,73,14341.0,Regular,Monday,Clear,False
248,Team A,Team D,True,78,104,14134.0,Regular,Sunday,Clear,False
249,Team D,Team C,True,82,87,21744.0,Regular,Saturday,Clear,False
250,Team D,Team E,False,84,93,18240.0,Regular,Tuesday,Clear,False
251,Team D,Team E,False,101,69,16050.0,Playoffs,Thursday,Cloudy,True
252,Team F,Team D,True,103,100,14197.0,Regular,Sunday,Clear,True
253,Team B,Team B,False,71,75,15482.0,Regular,Wednesday,Clear,False
254,Team B,Team C,True,72,95,8332.0,Playoffs,Friday,Indoor,False
255,Team C,Team F,True,78,83,,Regular,Saturday,Cloudy,False
256,Team C,Team C,False,97,79,12443.0,Regular,Monday,Rainy,True
257,Team C,Team C,True,83,95,,Playoffs,Wednesday,Clear,False
258,Team F,Team F,False,81,86,11884.0,Regular,Saturday,Clear,False
259,Team E,Team C,False,92,97,,Regular,Friday,Indoor,False
260,Team D,Team D,False,116,76,16223.0,Regular,Monday,Clear,True
261,Team C,Team C,True,66,78,15034.0,Regular,Sunday,,False
262,Team A,Team E,False,76,68,12314.0,Regular,Friday,Clear,True
263,Team A,Team A,False,78,78,12976.0,Playoffs,Monday,Clear,False
264,Team E,Team C,False,55,79,,Regular,Saturday,Cloudy,False
265,Team D,Team C,True,77,90,17280.0,Regular,Wednesday,Indoor,False
266,Team C,Team B,False,70,81,17433.0,Regular,Friday,Cloudy,False
267,Team F,Team A,True,96,91,19371.0,Regular,Monday,Indoor,True
268,Team A,Team C,True,71,83,14709.0,Regular,Tuesday,Cloudy,False
269,Team A,Team C,True,79,94,15473.0,Regular,Sunday,Cloudy,False
270,Team A,Team E,True,100,85,16317.0,Regular,Tuesday,Rainy,True
271,Team E,Team D,True,87,72,17220.0,Regular,Wednesday,Cloudy,True
272,Team B,Team D,True,77,84,9695.0,Regular,Thursday,Cloudy,False
273,Team F,Team E,True,66,102,13478.0,Regular,Wednesday,Rainy,False
274,Team D,Team C,False,78,91,13947.0,Regular,Saturday,Indoor,False
275,Team B,Team D,True,86,75,10342.0,Regular,Friday,Clear,True
276,Team B,Team E,True,84,82,,Regular,Thursday,Rainy,True
277,Team D,Team B,False,87,71,10155.0,Regular,Tuesday,Cloudy,True
278,Team C,Team B,True,89,77,10789.0,Playoffs,Tuesday,Indoor,True
279,Team F,Team A,False,75,95,13500.0,Regular,Wednesday,Indoor,False
280,Team D,Team B,False,80,63,14195.0,Regular,Saturday,Indoor,True
281,Team D,Team A,True,75,73,19156.0,Regular,Wednesday,Cloudy,True
282,Team A,Team D,False,92,65,21059.0,Regular,Tuesday,Rainy,True
283,Team A,Team F,True,70,67,15565.0,Regular,Wednesday,Indoor,True
284,Team F,Team C,False,68,74,12925.0,Regular,Saturday,Cloudy,False
285,Team E,Team D,True,99,79,11444.0,Playoffs,Monday,Indoor,True
286,Team A,Team A,False,94,86,16882.0,Regular,Wednesday,Clear,True
287,Team A,Team E,True,93,80,11411.0,Regular,Thursday,Clear,True
288,Team A,Team A,True,80,89,14159.0,Regular,Tuesday,Cloudy,False
289,Team B,Team D,False,86,79,18201.0,Regular,Friday,Cloudy,True
290,Team D,Team F,True,80,83,16709.0,Regular,Tuesday,Rainy,False
291,Team F,Team C,True,72,77,,Regular,Thursday,Cloudy,False
292,Team D,Team B,True,62,62,17161.0,Playoffs,Wednesday,Clear,False
293,Team A,Team B,True,76,68,12937.0,Playoffs,Friday,Clear,True
294,Team D,Team A,False,63,70,18946.0,Regular,Tuesday,Cloudy,False
295,Team E,Team F,True,91,84,12821.0,Regular,Monday,Cloudy,True
296,Team E,Team F,True,81,91,18559.0,Regular,Monday,Clear,False
297,Team B,Team C,True,84,88,12552.0,Regular,Sunday,Indoor,False
298,Team F,Team D,False,101,68,17572.0,Regular,Tuesday,Clear,True
299,Team B,Team B,False,72,93,16828.0,Regular,Saturday,Rainy,False
300,Team D,Team F,False,106,85,12914.0,Regular,Sunday,Rainy,True
301,Team B,Team C,True,85,73,20602.0,Regular,Wednesday,Indoor,True
302,Team D,Team C,True,87,71,10884.0,Regular,Monday,Clear,True
303,Team C,Team B,True,85,71,14021.0,Regular,Saturday,Clear,True
304,Team A,Team E,True,78,90,12007.0,Regular,Sunday,Clear,False
305,Team E,Team F,False,81,81,15883.0,Playoffs,Sunday,Rainy,False
306,Team C,Team E,True,80,62,,Playoffs,Monday,Indoor,True
307,Team F,Team D,False,77,68,11904.0,Regular,Saturday,Cloudy,True
308,Team A,Team C,True,102,86,14828.0,Regular,Sunday,Rainy,True
309,Team E,Team C,True,89,82,19419.0,Regular,Friday,Indoor,True
310,Team C,Team C,True,97,88,16580.0,Regular,Sunday,Indoor,True
311,Team D,Team A,False,79,77,19884.0,Playoffs,Monday,Cloudy,True
312,Team C,Team F,False,96,99,16183.0,Regular,Sunday,Indoor,False
313,Team A,Team D,True,105,81,10553.0,Regular,Saturday,Clear,True
314,Team E,Team D,True,95,72,12273.0,Regular,Wednesday,Indoor,True
315,Team C,Team C,True,81,56,15079.0,Regular,Tuesday,Indoor,True
316,Team C,Team C,True,98,85,12090.0,Regular,Monday,Rainy,True
317,Team E,Team A,False,89,52,15357.0,Regular,Monday,Indoor,True
318,Team A,Team A,True,115,86,18164.0,Regular,Wednesday,Clear,True
319,Team D,Team F,True,85,77,18971.0,Regular,Thursday,Clear,True
320,Team B,Team E,True,98,62,,Regular,Saturday,Indoor,True
321,Team F,Team F,False,74,69,12763.0,Regular,Sunday,,True
322,Team B,Team B,True,88,76,17725.0,Regular,Monday,Clear,True
323,Team E,Team C,False,91,88,16913.0,Regular,Wednesday,Indoor,True
324,Team E,Team F,False,100,71,14886.0,Regular,Thursday,Indoor,True
325,Team F,Team A,False,83,97,13381.0,Regular,Saturday,Indoor,False
326,Team C,Team B,True,50,89,9394.0,Regular,Saturday,Clear,False
327,Team F,Team D,False,84,114,15952.0,Regular,Saturday,Indoor,False
328,Team E,Team A,False,71,102,16195.0,Regular,Friday,Rainy,False
329,Team D,Team C,False,93,102,21791.0,Playoffs,Saturday,Indoor,False
330,Team D,Team E,True,78,78,13887.0,Playoffs,Monday,Clear,False
331,Team D,Team E,False,84,105,15979.0,Regular,Friday,Indoor,False
332,Team F,Team F,False,92,101,15872.0,Regular,Wednesday,Rainy,False
333,Team A,Team B,False,71,81,17942.0,Regular,Sunday,Indoor,False
334,Team F,Team F,True,93,89,,Regular,Tuesday,Clear,True
335,Team B,Team C,True,83,73,19437.0,Regular,Friday,Indoor,True
336,Team B,Team E,True,84,82,16491.0,Regular,Monday,Cloudy,True
337,Team B,Team C,True,87,80,16646.0,Regular,Sunday,Indoor,True
338,Team F,Team C,True,65,105,18540.0,Regular,Thursday,Clear,False
339,Team E,Team D,False,98,70,15748.0,Regular,Monday,Indoor,True
340,Team D,Team E,True,89,99,,Playoffs,Friday,Indoor,False
341,Team D,Team C,True,82,81,19491.0,Regular,Monday,Indoor,True
342,Team D,Team B,False,73,74,18434.0,Regular,Sunday,Clear,False
343,Team F,Team F,False,93,71,13659.0,Regular,Sunday,Cloudy,True
344,Team A,Team A,False,94,64,14569.0,Regular,Tuesday,Indoor,True
345,Team D,Team B,False,73,87,15282.0,Regular,Saturday,Indoor,False
346,Team B,Team D,True,83,91,17341.0,Regular,Thursday,Cloudy,False
347,Team D,Team F,True,54,91,13372.0,Regular,Friday,Rainy,False
348,Team C,Team F,False,92,97,9730.0,Regular,Monday,Cloudy,False
349,Team A,Team F,True,96,91,17452.0,Regular,Saturday,Clear,True
350,Team C,Team E,False,89,82,14305.0,Playoffs,Friday,Cloudy,True
351,Team E,Team E,False,65,76,11458.0,Regular,Thursday,Indoor,False
352,Team D,Team A,False,74,76,10608.0,Playoffs,Tuesday,Clear,False
353,Team F,Team E,True,71,78,18811.0,Regular,Tuesday,Indoor,False
354,Team F,Team B,True,77,85,18698.0,Regular,Wednesday,Clear,False
355,Team A,Team F,False,102,90,16198.0,Regular,Tuesday,Clear,True
356,Team F,Team D,False,109,89,13700.0,Regular,Thursday,Rainy,True
357,Team A,Team E,True,81,61,14273.0,Regular,Friday,Indoor,True
358,Team D,Team A,True,67,76,13349.0,Regular,Tuesday,Clear,False
359,Team D,Team A,False,61,71,12988.0,Regular,Tuesday,Indoor,False
360,Team A,Team C,True,77,79,14235.0,Playoffs,Tuesday,Indoor,False
361,Team E,Team A,False,60,85,11985.0,Regular,Monday,Clear,False
362,Team D,Team F,True,90,69,11876.0,Regular,Wednesday,Clear,True
363,Team A,Team D,True,101,81,10343.0,Regular,Tuesday,Indoor,True
364,Team A,Team F,True,98,79,11100.0,Regular,Tuesday,Cloudy,True
365,Team F,Team B,True,97,83,12829.0,Regular,Wednesday,,True
366,Team E,Team C,False,110,77,11160.0,Playoffs,Tuesday,Cloudy,True
367,Team F,Team E,False,90,63,17092.0,Regular,Friday,,True
368,Team A,Team F,False,81,52,14400.0,Regular,Thursday,Indoor,True
369,Team E,Team E,True,89,72,16425.0,Regular,Sunday,Rainy,True
370,Team E,Team B,False,58,78,14235.0,Regular,Monday,Clear,False
371,Team B,Team C,False,71,78,13356.0,Regular,Sunday,Clear,False
372,Team E,Team D,False,78,91,18028.0,Regular,Tuesday,Indoor,False
373,Team C,Team D,True,96,91,13254.0,Regular,Friday,Cloudy,True
374,Team D,Team D,False,70,58,13062.0,Regular,Tuesday,Indoor,True
375,Team D,Team B,False,79,71,16683.0,Regular,Tuesday,Cloudy,True
376,Team B,Team B,True,91,89,14345.0,Regular,Friday,Indoor,True
377,Team D,Team F,False,91,93,16896.0,Regular,Friday,Clear,False
378,Team F,Team F,True,77,100,13893.0,Playoffs,Friday,Cloudy,False
379,Team C,Team D,False,80,78,9864.0,Playoffs,Saturday,Indoor,True
380,Team E,Team E,True,77,55,13570.0,Regular,Tuesday,Clear,True
381,Team E,Team B,False,113,63,17488.0,Playoffs,Thursday,Indoor,True
382,Team C,Team F,True,94,78,10929.0,Regular,Friday,Clear,True
383,Team D,Team E,False,76,64,14325.0,Regular,Saturday,Indoor,True
384,Team F,Team C,False,88,68,9659.0,Regular,Friday,Cloudy,True
385,Team C,Team D,True,81,73,14930.0,Regular,Saturday,Rainy,True
386,Team A,Team D,True,71,59,16026.0,Regular,Friday,Clear,True
387,Team F,Team B,False,101,84,12927.0,Regular,Thursday,,True
388,Team F,Team F,False,79,108,16451.0,Regular,Saturday,Clear,False
389,Team E,Team B,True,78,89,8500.0,Regular,Sunday,Cloudy,False
390,Team E,Team B,True,77,89,21426.0,Playoffs,Monday,Cloudy,False
391,Team F,Team F,False,60,95,18836.0,Regular,Monday,Cloudy,False
392,Team E,Team D,False,83,105,17270.0,Regular,Monday,Clear,False
393,Team F,Team C,True,95,86,17822.0,Regular,Friday,Clear,True
394,Team D,Team E,True,82,93,17109.0,Regular,Thursday,Clear,False
395,Team E,Team E,False,88,87,16753.0,Playoffs,Monday,Clear,True
396,Team E,Team F,False,90,90,18882.0,Regular,Saturday,Cloudy,False
397,Team D,Team B,False,98,69,13613.0,Playoffs,Tuesday,Cloudy,True
398,Team F,Team D,False,81,105,11766.0,Playoffs,Wednesday,Indoor,False
399,Team E,Team D,False,81,77,9556.0,Playoffs,Sunday,Clear,True
400,Team D,Team F,True,80,64,15865.0,Regular,Wednesday,Indoor,True
401,Team C,Team C,False,87,89,16985.0,Regular,Wednesday,Cloudy,False
402,Team C,Team D,False,73,87,17363.0,Regular,Tuesday,Clear,False
403,Team C,Team A,False,95,71,11425.0,Regular,Thursday,Rainy,True
404,Team E,Team D,True,82,71,13587.0,Regular,Tuesday,Indoor,True
405,Team B,Team A,False,102,59,12956.0,Regular,Sunday,Clear,True
406,Team A,Team A,True,91,94,15466.0,Playoffs,Thursday,Clear,False
407,Team E,Team E,False,79,89,13851.0,Regular,Thursday,Indoor,False
408,Team C,Team B,True,84,95,,Regular,Wednesday,Clear,False
409,Team F,Team A,True,91,84,16184.0,Regular,Tuesday,Clear,True
410,Team B,Team D,True,106,84,15725.0,Regular,Friday,Clear,True
411,Team C,Team F,False,72,96,16480.0,Playoffs,Thursday,Cloudy,False
412,Team A,Team C,False,100,84,15746.0,Regular,Saturday,,True
413,Team D,Team F,True,94,75,11223.0,Regular,Friday,Indoor,True
414,Team D,Team D,True,92,97,10798.0,Regular,Friday,Cloudy,False
415,Team B,Team F,True,92,75,17300.0,Regular,Saturday,Clear,True
416,Team B,Team F,True,74,81,15129.0,Regular,Saturday,,False
417,Team A,Team E,True,96,72,18560.0,Regular,Saturday,Cloudy,True
418,Team D,Team E,False,97,66,,Regular,Wednesday,Clear,True
419,Team F,Team C,False,104,77,15488.0,Regular,Wednesday,Rainy,True
420,Team D,Team E,False,87,99,18058.0,Regular,Thursday,Cloudy,False
421,Team E,Team A,True,88,112,20257.0,Playoffs,Saturday,Indoor,False
422,Team D,Team B,True,94,57,15354.0,Regular,Tuesday,Clear,True
423,Team D,Team A,False,86,78,11821.0,Regular,Tuesday,Clear,True
424,Team A,Team F,False,79,76,15592.0,Regular,Sunday,Cloudy,True
425,Team C,Team C,True,93,91,17301.0,Regular,Friday,Rainy,True
426,Team F,Team B,False,84,80,17461.0,Playoffs,Saturday,Clear,True
427,Team A,Team B,True,94,85,13388.0,Regular,Sunday,Clear,True
428,Team C,Team D,True,75,90,12626.0,Regular,Tuesday,Indoor,False
429,Team A,Team C,True,78,74,14629.0,Regular,Saturday,Clear,True
430,Team B,Team E,True,97,89,19812.0,Regular,Wednesday,Cloudy,True
431,Team C,Team C,False,101,78,14691.0,Regular,Thursday,Clear,True
432,Team F,Team F,True,99,102,15714.0,Regular,Sunday,Indoor,False
433,Team C,Team C,True,89,73,16818.0,Regular,Thursday,Indoor,True
434,Team B,Team F,True,91,83,,Playoffs,Friday,Indoor,True
435,Team A,Team D,True,94,68,17005.0,Regular,Wednesday,Rainy,True
436,Team B,Team C,True,60,67,14820.0,Regular,Friday,Indoor,False
437,Team B,Team A,False,78,71,14648.0,Regular,Monday,Clear,True
438,Team B,Team A,False,102,89,13434.0,Regular,Monday,Cloudy,True
439,Team A,Team C,False,94,85,16126.0,Regular,Monday,Clear,True
440,Team C,Team D,True,64,92,20884.0,Regular,Wednesday,Clear,False
441,Team D,Team C,True,84,85,18061.0,Regular,Saturday,Clear,False
442,Team F,Team F,False,77,100,12351.0,Regular,Friday,Clear,False
443,Team E,Team C,False,89,68,16463.0,Regular,Saturday,Rainy,True
444,Team B,Team A,False,89,85,13959.0,Regular,Saturday,Indoor,True
445,Team B,Team D,False,69,103,14190.0,Playoffs,Thursday,Clear,False
446,Team A,Team B,False,111,86,16099.0,Regular,Saturday,Cloudy,True
447,Team A,Team F,False,73,90,13915.0,Regular,Monday,Clear,False
448,Team A,Team F,False,91,106,14293.0,Playoffs,Monday,Clear,False
449,Team A,Team B,False,91,62,12232.0,Regular,Tuesday,Clear,True
450,Team C,Team F,False,97,105,14909.0,Regular,Friday,Rainy,False
451,Team C,Team F,True,87,90,15207.0,Regular,Sunday,Clear,False
452,Team E,Team D,True,88,74,16988.0,Regular,Sunday,Clear,True
453,Team D,Team D,True,60,98,9754.0,Regular,Monday,Clear,False
454,Team F,Team B,False,75,72,15826.0,Regular,Saturday,Clear,True
455,Team B,Team C,True,109,93,12010.0,Regular,Friday,Clear,True
456,Team A,Team A,False,71,64,8444.0,Regular,Sunday,Cloudy,True
457,Team B,Team A,False,77,65,18269.0,Regular,Tuesday,Indoor,True
458,Team F,Team B,True,64,82,16200.0,Regular,Tuesday,Clear,False
459,Team B,Team E,True,88,86,20528.0,Regular,Sunday,Clear,True
460,Team B,Team F,True,80,75,16452.0,Regular,Monday,Clear,True
461,Team D,Team E,False,79,66,17201.0,Regular,Friday,Clear,True
462,Team D,Team C,True,76,65,9737.0,Regular,Thursday,Rainy,True
463,Team D,Team B,True,91,51,17314.0,Playoffs,Saturday,,True
464,Team C,Team B,False,96,99,14758.0,Regular,Tuesday,Indoor,False
465,Team B,Team E,False,84,78,14117.0,Regular,Sunday,Clear,True
466,Team F,Team F,False,68,95,16064.0,Regular,Thursday,Clear,False
467,Team A,Team C,False,87,61,15742.0,Regular,Monday,Indoor,True
468,Team A,Team E,True,105,60,13875.0,Regular,Thursday,,True
469,Team C,Team E,False,77,54,18023.0,Regular,Wednesday,Cloudy,True
470,Team C,Team E,False,103,80,14337.0,Regular,Monday,Cloudy,True
471,Team F,Team A,True,86,87,20949.0,Regular,Friday,,False
472,Team E,Team B,True,81,78,14558.0,Regular,Monday,Indoor,True
473,Team F,Team C,False,76,70,15299.0,Regular,Monday,Clear,True
474,Team E,Team C,True,92,84,15755.0,Regular,Monday,Indoor,True
475,Team D,Team B,True,77,79,13493.0,Regular,Monday,Rainy,False
476,Team C,Team A,True,81,86,17890.0,Regular,Sunday,Clear,False
477,Team C,Team B,True,78,63,17637.0,Regular,Friday,Rainy,True
478,Team E,Team C,False,80,81,9712.0,Playoffs,Friday,Indoor,False
479,Team D,Team C,True,75,87,10745.0,Regular,Thursday,Clear,False
480,Team F,Team F,False,90,85,8865.0,Regular,Friday,Indoor,True
481,Team F,Team A,False,85,81,12285.0,Regular,Sunday,Indoor,True
482,Team B,Team B,False,71,78,11035.0,Regular,Monday,Clear,False
483,Team A,Team A,False,75,81,14321.0,Regular,Thursday,Clear,False
484,Team B,Team E,True,68,91,16584.0,Regular,Thursday,Indoor,False
485,Team C,Team B,False,98,86,22809.0,Regular,Saturday,Indoor,True
486,Team F,Team D,True,87,77,11924.0,Regular,Thursday,Clear,True
487,Team B,Team A,False,84,75,16603.0,Regular,Saturday,,True
488,Team F,Team D,False,80,88,19811.0,Regular,Thursday,Cloudy,False
489,Team E,Team F,True,81,79,13205.0,Regular,Thursday,Clear,True
490,Team E,Team A,True,87,103,22866.0,Regular,Friday,Clear,False
491,Team B,Team C,False,94,80,17875.0,Playoffs,Tuesday,Rainy,True
492,Team F,Team D,True,101,72,12554.0,Regular,Monday,,True
493,Team B,Team C,True,96,94,13984.0,Regular,Saturday,,True
494,Team E,Team C,False,91,93,18512.0,Regular,Sunday,Indoor,False
495,Team D,Team C,True,55,80,12070.0,Regular,Thursday,Clear,False
496,Team D,Team C,False,89,85,11278.0,Regular,Tuesday,Cloudy,True
497,Team C,Team B,True,103,99,13666.0,Regular,Thursday,Cloudy,True
498,Team A,Team B,False,92,86,12413.0,Playoffs,Monday,Clear,True
499,Team E,Team E,False,86,81,20143.0,Regular,Thursday,Clear,True
500,Team B,Team C,True,64,90,14001.0,Regular,Saturday,Indoor,False
